{"accuracy": [0.34757834672927856, 0.37321937084198, 0.41025641560554504, 0.45584046840667725, 0.4472934603691101, 0.4672364592552185, 0.4415954351425171, 0.4615384638309479, 0.470085471868515, 0.4843304753303528, 0.470085471868515, 0.5584045648574829, 0.49572649598121643, 0.49857550859451294, 0.4672364592552185, 0.4900285005569458, 0.504273533821106, 0.5099714994430542, 0.5270655155181885, 0.5527065396308899, 0.5441595315933228, 0.561253547668457, 0.5242165327072144, 0.5156695246696472, 0.5470085740089417, 0.5327635407447815, 0.5470085740089417, 0.56695157289505, 0.5242165327072144, 0.5498575568199158, 0.5384615659713745, 0.5413105487823486, 0.5498575568199158, 0.5754985809326172, 0.5441595315933228, 0.561253547668457, 0.5555555820465088, 0.5441595315933228, 0.5470085740089417, 0.5868945717811584, 0.5584045648574829, 0.6381766200065613, 0.5840455889701843, 0.5555555820465088, 0.5555555820465088, 0.5356125235557556, 0.5954415798187256, 0.5840455889701843, 0.5925925970077515, 0.5754985809326172], "val_accuracy": [0.4431818127632141, 0.47727271914482117, 0.4545454680919647, 0.5, 0.5, 0.4886363744735718, 0.4886363744735718, 0.5, 0.5, 0.4886363744735718, 0.5, 0.5, 0.5113636255264282, 0.5113636255264282, 0.5227272510528564, 0.5227272510528564, 0.5681818127632141, 0.5795454382896423, 0.5681818127632141, 0.5454545617103577, 0.5909090638160706, 0.5909090638160706, 0.6022727489471436, 0.5909090638160706, 0.5795454382896423, 0.5681818127632141, 0.5681818127632141, 0.5681818127632141, 0.5909090638160706, 0.5795454382896423, 0.5795454382896423, 0.5909090638160706, 0.6136363744735718, 0.6022727489471436, 0.5795454382896423, 0.5909090638160706, 0.5909090638160706, 0.6136363744735718, 0.6022727489471436, 0.5909090638160706, 0.6136363744735718, 0.6022727489471436, 0.5795454382896423, 0.5795454382896423, 0.5568181872367859, 0.5795454382896423, 0.5795454382896423, 0.5681818127632141, 0.5909090638160706, 0.6022727489471436], "loss": [1.6079150438308716, 1.4769867658615112, 1.3609600067138672, 1.2813057899475098, 1.2280069589614868, 1.2316886186599731, 1.2456920146942139, 1.224092721939087, 1.152491807937622, 1.1280391216278076, 1.1756892204284668, 1.0382664203643799, 1.1079740524291992, 1.083757758140564, 1.1631611585617065, 1.0465257167816162, 1.0714324712753296, 1.091598391532898, 1.0894392728805542, 1.0218610763549805, 1.0051167011260986, 0.9760268926620483, 1.033867597579956, 1.059589147567749, 1.0015902519226074, 1.023667335510254, 0.9699680805206299, 0.9770463705062866, 1.0222837924957275, 1.0120046138763428, 1.008193016052246, 1.0281769037246704, 0.9655054807662964, 0.9686762094497681, 1.0096033811569214, 0.9527076482772827, 0.9319937229156494, 0.9599746465682983, 0.9748144745826721, 0.9357779622077942, 0.9545308947563171, 0.8499312400817871, 0.9150751233100891, 0.9406006932258606, 0.9580554366111755, 0.9817666411399841, 0.9025259613990784, 0.9146465063095093, 0.9024426937103271, 0.9290047287940979], "val_loss": [1.0838721990585327, 1.0682475566864014, 1.0539742708206177, 1.033531665802002, 1.0220870971679688, 1.01268470287323, 1.0134601593017578, 1.0068663358688354, 1.0030516386032104, 1.0005407333374023, 0.9965972900390625, 0.9882457852363586, 0.9825843572616577, 0.9803617596626282, 0.9751777648925781, 0.9689988493919373, 0.9666306972503662, 0.9640222191810608, 0.9577109813690186, 0.9510712027549744, 0.9517116546630859, 0.9501932263374329, 0.9509398937225342, 0.947875440120697, 0.9459415674209595, 0.9518967270851135, 0.9528488516807556, 0.9520202279090881, 0.9443639516830444, 0.9500758647918701, 0.9413020610809326, 0.9387144446372986, 0.9397374987602234, 0.9404834508895874, 0.935621976852417, 0.9320598244667053, 0.9177696704864502, 0.9135093092918396, 0.920478105545044, 0.9190576672554016, 0.9103689789772034, 0.9097200036048889, 0.9139904379844666, 0.9174678325653076, 0.9182026386260986, 0.9069664478302002, 0.9063524007797241, 0.9025764465332031, 0.9002163410186768, 0.8912622332572937]}