{"Down": {"precision": 0.6, "recall": 0.4444444444444444, "f1-score": 0.5106382978723404, "support": 27.0}, "Stable": {"precision": 0.5846153846153846, "recall": 0.9047619047619048, "f1-score": 0.7102803738317757, "support": 42.0}, "Up": {"precision": 1.0, "recall": 0.15789473684210525, "f1-score": 0.2727272727272727, "support": 19.0}, "accuracy": 0.6022727272727273, "macro avg": {"precision": 0.7282051282051283, "recall": 0.5023670286828182, "f1-score": 0.4978819814771296, "support": 88.0}, "weighted avg": {"precision": 0.679020979020979, "recall": 0.6022727272727273, "f1-score": 0.5545548627875676, "support": 88.0}}