Feature,Importance
pre_volume_change,0.42627817272931245
pre_rsi,0.31339516870129547
pre_return,0.21355112243900032
sentiment_score,0.026045972116768033
sentiment_score,0.020729564013623636
sentiment_negative,0.0
sentiment_positive,0.0
