Feature,Coefficient
sentiment_score,-0.07724755775521991
pre_return,-0.14407910389570522
pre_volume_change,0.13657554870088442
pre_rsi,-0.06560951133997782
sentiment_score,-0.07724755775521996
sentiment_negative,-0.14805146167192423
sentiment_positive,0.14805146167192432
