Feature,Coefficient
sentiment_score,0.1281327971374108
pre_return,0.02271803791451259
pre_volume_change,-0.04896693511125077
pre_rsi,0.14184216626924134
sentiment_score,0.1281327971374108
sentiment_negative,0.13317812184034414
sentiment_positive,-0.1331781218403437
