Feature,Coefficient
sentiment_score,-0.010029472075236627
pre_return,0.05772131730096025
pre_volume_change,-0.09588934494083316
pre_rsi,-0.1475129718724994
sentiment_score,-0.010029472075236627
sentiment_positive,0.0
