Model,Accuracy
XGBoost,0.9444444444444444
Random Forest,0.75
AdaBoost,0.6851851851851852
Logistic Regression,0.4444444444444444
Random Baseline,0.35185185185185186
