Model,Accuracy
Logistic Regression,0.5348837209302325
Random Forest,0.7906976744186046
