Feature,Importance
pre_volume_change,0.3506476205713545
pre_return,0.24301722653973878
pre_rsi,0.1957141015113566
sentiment_score,0.06487600808511357
sentiment_negative,0.05372863681956035
sentiment_positive,0.04913219114400147
sentiment_score,0.04288421532887476
