Feature,Importance
pre_volume_change,0.2613999476333994
pre_return,0.25877584974598755
pre_rsi,0.25083367267035767
sentiment_score,0.11353426917078684
sentiment_score,0.11136032015347495
sentiment_positive,0.00245172130373212
sentiment_negative,0.001644219322261339
